VP,Broj,Datum,Opis,Artikal,Kolicina,Nabavna vrednost,Prodajna vrednost,Prodajna cena,U skladiste,ID prometa u zalihama,Marza,SKU
P S,8,2025-12-30,FS251017,DR-PP - Rep platinum dugi 90cm(DR-PP),10,10478.65,41800,3483.33,Skladište Slanje Paketa,23391397,31321.35,DR-PP
P S,8,2025-12-30,FS251017,RR-4 - Rep tamno smedi ravni(RR-4),80,68111.22,356000,3708.33,Skladište Slanje Paketa,23391397,287888.78,RR-4
P S,8,2025-12-30,FS251017,AF-1 - Rep crni afro(AF-1),30,29471.2,117480,3263.33,Skladište Slanje Paketa,23391397,88008.8,AF-1
P S,8,2025-12-30,FS251017,TRK-K16 - Rep tamno plavi trakica(TRK-K16),15,11788.48,66750,3708.33,Skladište Slanje Paketa,23391397,54961.520000000004,TRK-K16
P S,8,2025-12-30,FS251017,RR-1B - Rep crni ravni(RR-1B),80,68111.22,313280,3263.33,Skladište Slanje Paketa,23391397,245168.78,RR-1B
P S,8,2025-12-30,FS251017,RR-SMP - Rep smede plava ravna(RR-SMP),30,25541.71,117480,3263.33,Skladište Slanje Paketa,23391397,91938.29000000001,RR-SMP
P S,8,2025-12-30,FS251017,DR-1B - Rep crni dugi 90cm(DR-1B),40,41914.6,190000,3958.33,Skladište Slanje Paketa,23391397,148085.4,DR-1B
P S,8,2025-12-30,FS251017,EKS-1B - Ekstenzije crna ravna(EKS-1B),100,91688.18,445000,3708.33,Skladište Slanje Paketa,23391397,353311.82,EKS-1B
P S,8,2025-12-30,FS251017,OPK-1B - Rep crna OPK(OPK-1B),100,98237.35,445000,3708.33,Skladište Slanje Paketa,23391397,346762.65,OPK-1B
P S,8,2025-12-30,FS251017,OPK-SMO - Rep smeda ombre OPK(OPK-SMO),30,29471.2,117480,3263.33,Skladište Slanje Paketa,23391397,88008.8,OPK-SMO
P S,8,2025-12-30,FS251017,TRK-6 - Rep smedi trakica(TRK-6),20,15717.97,89000,3708.33,Skladište Slanje Paketa,23391397,73282.03,TRK-6
P S,8,2025-12-30,FS251017,TRK-613 - Rep svetlo plavi trakica(TRK-613),15,11788.48,58740,3263.33,Skladište Slanje Paketa,23391397,46951.520000000004,TRK-613
P S,8,2025-12-30,FS251017,EKS-4 - Ekstenzije tamno smeda ravna(EKS-4),70,64181.73,274120,3263.33,Skladište Slanje Paketa,23391397,209938.27,EKS-4
P S,8,2025-12-30,FS251017,DR-SIVPL - Rep sivo plava 90cm(DR-SIVPL),10,10478.65,41800,3483.33,Skladište Slanje Paketa,23391397,31321.35,DR-SIVPL
P S,8,2025-12-30,FS251017,RR-350 - Rep crvena ravna(RR-350),15,12770.85,58740,3263.33,Skladište Slanje Paketa,23391397,45969.15,RR-350
P S,8,2025-12-30,FS251017,DR-SMPLV - Rep smede plava 90cm(DR-SMPLV),20,20957.3,83600,3483.33,Skladište Slanje Paketa,23391397,62642.7,DR-SMPLV
P S,8,2025-12-30,FS251017,Ekstenzije smeda ravna(EKS-6),40,36675.27,178000,3708.33,Skladište Slanje Paketa,23391397,141324.73,EKS-6
P S,8,2025-12-30,FS251017,Rep crni na trakicu(TRK-1B),20,15717.97,78320,3263.33,Skladište Slanje Paketa,23391397,62602.03,TRK-1B
P S,8,2025-12-30,FS251017,Rep tamno smedi na trakicu(TRK-4),15,11788.48,58740,3263.33,Skladište Slanje Paketa,23391397,46951.520000000004,TRK-4
P S,8,2025-12-30,FS251017,Rep smedi ravni(RR-6),40,34055.61,156640,3263.33,Skladište Slanje Paketa,23391397,122584.39,RR-6
P S,8,2025-12-30,FS251017,Ekstenzije platinum pl. ombre(EKS-PLO),15,13753.23,58740,3263.33,Skladište Slanje Paketa,23391397,44986.770000000004,EKS-PLO
P S,8,2025-12-30,FS251017,Ekstenzije sivo plava(EKS-SIVPL	),15,13753.23,66750,3708.33,Skladište Slanje Paketa,23391397,52996.770000000004,Ekstenzije sivo plava(EKS-SIVPL	)
P S,8,2025-12-30,FS251017,Najtamnija smeda OPK(OPK-2),30,29471.2,117480,3263.33,Skladište Slanje Paketa,23391397,88008.8,OPK-2
P S,8,2025-12-30,FS251017,Svetlo smeda OPK(OPK-10	),20,19647.47,89000,3708.33,Skladište Slanje Paketa,23391397,69352.53,Svetlo smeda OPK(OPK-10	)
P S,8,2025-12-30,FS251017,Rep smeda OPK(OPK-6	),30,29471.2,117480,3263.33,Skladište Slanje Paketa,23391397,88008.8,Rep smeda OPK(OPK-6	)
P S,8,2025-12-30,FS251017,Srednje plavi(RR-SRP	),30,25541.71,117480,3263.33,Skladište Slanje Paketa,23391397,91938.29000000001,Srednje plavi(RR-SRP	)
P S,8,2025-12-30,FS251017,Najtamnija smeda(RR-2	),40,34055.61,178000,3708.33,Skladište Slanje Paketa,23391397,143944.39,Najtamnija smeda(RR-2	)
P S,8,2025-12-30,FS251017,Crni kratki rep(KRR-1B	),25,19647.47,90775,3025.83,Skladište Slanje Paketa,23391397,71127.53,Crni kratki rep(KRR-1B	)
P S,8,2025-12-30,FS251017,Tamno smeda kratki(KRR-4	),40,31435.95,145240,3025.83,Skladište Slanje Paketa,23391397,113804.05,Tamno smeda kratki(KRR-4	)
P S,8,2025-12-30,FS251017,Smede plavi kratki(KRR-SMPLV	),20,15717.97,72620,3025.83,Skladište Slanje Paketa,23391397,56902.03,Smede plavi kratki(KRR-SMPLV	)
P S,8,2025-12-30,FS251017,Crni kratki opk(KRO-1B	),30,27506.45,119700,3325.0,Skladište Slanje Paketa,23391397,92193.55,Crni kratki opk(KRO-1B	)
P S,8,2025-12-30,FS251017,Tamno smedi kratki opk(KRO-4	),30,27506.45,108930,3025.83,Skladište Slanje Paketa,23391397,81423.55,Tamno smedi kratki opk(KRO-4	)
P S,8,2025-12-30,FS251017,Smedi ombre kratki opk(KRO-SMO	),20,18337.64,78320,3263.33,Skladište Slanje Paketa,23391397,59982.36,Smedi ombre kratki opk(KRO-SMO	)
P S,8,2025-12-30,FS251017,Mahagoni kratki opk(KRO-MHG	),10,9168.82,39900,3325.0,Skladište Slanje Paketa,23391397,30731.18,Mahagoni kratki opk(KRO-MHG	)
P S,8,2025-12-30,FS251017,Smede plavi kratki opk(KRO-SMPLV	),40,36675.27,159600,3325.0,Skladište Slanje Paketa,23391397,122924.73000000001,Smede plavi kratki opk(KRO-SMPLV	)
P S,8,2025-12-30,FS251017,Platinum ombre kratki opk(KRO-PP	),25,22922.05,90775,3025.83,Skladište Slanje Paketa,23391397,67852.95,Platinum ombre kratki opk(KRO-PP	)
P S,8,2025-12-30,FS251017,Ekstenzije smede plava ravna(EKS-SMPLV	),10,9168.82,39160,3263.33,Skladište Slanje Paketa,23391397,29991.18,Ekstenzije smede plava ravna(EKS-SMPLV	)
P S,8,2025-12-30,FS251017,EKS-SRP - Ekstenzije srednje plava ravna(EKS-SRP),40,36675.27,178000,3708.33,Skladište Slanje Paketa,23391397,141324.73,EKS-SRP
P S,8,2025-12-30,FS251017,Arijana svetlo plavi(AR-613),20,15717.97,79800,3325.0,Skladište Slanje Paketa,23391397,64082.03,AR-613
P S,8,2025-12-30,FS251017,Ariana tamno plavi(AR-K16),20,15717.97,72620,3025.83,Skladište Slanje Paketa,23391397,56902.03,AR-K16
P S,8,2025-12-30,FS251017,Ariana tamno smedi(AR-4),30,23576.96,119700,3325.0,Skladište Slanje Paketa,23391397,96123.04000000001,AR-4
P S,8,2025-12-30,FS251017,Ariana najtamnija smeda(AR-2),50,39294.94,199500,3325.0,Skladište Slanje Paketa,23391397,160205.06,AR-2
P S,8,2025-12-30,FS251017,Ariana platinum ombre(AR-PLO),20,15717.97,78320,3263.33,Skladište Slanje Paketa,23391397,62602.03,AR-PLO
P S,8,2025-12-30,FS251017,Ariana crni(AR-1B),80,62871.9,290480,3025.83,Skladište Slanje Paketa,23391397,227608.1,AR-1B
P S,8,2025-12-30,FS251017,Ariana smede plavi(AR-SMPLV),35,27506.45,139650,3325.0,Skladište Slanje Paketa,23391397,112143.55,AR-SMPLV
P S,8,2025-12-30,FS251017,PR9(PR9),5,17682.72,52450,8741.67,Skladište Slanje Paketa,23391397,34767.28,PR9
P S,8,2025-12-30,FS251017,PR51(PR51),5,17682.72,52450,8741.67,Skladište Slanje Paketa,23391397,34767.28,PR51
P S,8,2025-12-30,FS251017,Ekstenzije smeda OPK(EKSOPK-6),20,20957.3,95000,3958.33,Skladište Slanje Paketa,23391397,74042.7,EKSOPK-6
P S,8,2025-12-30,FS251017,Ekstenzije crna OPK(EKSOPK-1B),30,31435.95,142500,3958.33,Skladište Slanje Paketa,23391397,111064.05,EKSOPK-1B
P S,8,2025-12-30,FS251017,Ekstenzije tamno smeda OPK(EKSOPK-4),20,20957.3,78320,3263.33,Skladište Slanje Paketa,23391397,57362.7,EKSOPK-4
P S,8,2025-12-30,FS251017,Rep sivo plavi ravni(RR-SIVPL),15,12770.85,58740,3263.33,Skladište Slanje Paketa,23391397,45969.15,RR-SIVPL
P S,8,2025-12-30,FS251017,Arijana smedi ombre(AR-SMO),50,39294.94,181550,3025.83,Skladište Slanje Paketa,23391397,142255.06,AR-SMO
P S,8,2025-12-30,FS251017,Ekstenzije srednje plava OPK(EKSOPK-SRP),40,41914.6,190000,3958.33,Skladište Slanje Paketa,23391397,148085.4,EKSOPK-SRP
P S,8,2025-12-30,FS251017,Ekstenzije tamno plava OPK(EKSOPK-K16),20,20957.3,83600,3483.33,Skladište Slanje Paketa,23391397,62642.7,EKSOPK-K16
P S,8,2025-12-30,FS251017,Ariana bakrena(AR-BAK),20,15717.97,79800,3325.0,Skladište Slanje Paketa,23391397,64082.03,AR-BAK
P S,8,2025-12-30,FS251017,Ekstenzije svetlo smede OPK(EKSOPK-10),30,31435.95,142500,3958.33,Skladište Slanje Paketa,23391397,111064.05,EKSOPK-10
P S,6,2025-11-07,BL20251010-2,PR5(PR5),4,16145.94,47600,9916.67,Skladište Slanje Paketa,22238779,31454.059999999998,PR5
P S,6,2025-11-07,BL20251010-2,P068(P068),5,7339.06,26950,4491.67,Skladište Slanje Paketa,22238779,19610.94,P068
P S,6,2025-11-07,BL20251010-2,P073(P073),5,7339.06,26950,4491.67,Skladište Slanje Paketa,22238779,19610.94,P073
P S,6,2025-11-07,BL20251010-2,P078(P078),6,8806.88,32340,4491.67,Skladište Slanje Paketa,22238779,23533.120000000003,P078
P S,6,2025-11-07,BL20251010-2,P099(P099),6,8806.88,32340,4491.67,Skladište Slanje Paketa,22238779,23533.120000000003,P099
P S,6,2025-11-07,BL20251010-2,PR16(PR16),5,20182.43,59500,9916.67,Skladište Slanje Paketa,22238779,39317.57,PR16
P S,6,2025-11-07,BL20251010-2,PR20(PR20),5,20182.43,59500,9916.67,Skladište Slanje Paketa,22238779,39317.57,PR20
P S,6,2025-11-07,BL20251010-2,PR11(PR11),8,32291.89,95200,9916.67,Skladište Slanje Paketa,22238779,62908.11,PR11
P S,6,2025-11-07,BL20251010-2,PR23(PR23),10,40364.86,119000,9916.67,Skladište Slanje Paketa,22238779,78635.14,PR23
P S,6,2025-11-07,BL20251010-2,PR7(PR7),3,11375.55,35700,9916.67,Skladište Slanje Paketa,22238779,24324.45,PR7
P S,6,2025-11-07,BL20251010-2,Perika PR2(PR2),7,26542.95,83300,9916.67,Skladište Slanje Paketa,22238779,56757.05,PR2
P S,6,2025-11-07,BL20251010-2,Perika PR15(PR15),10,46480.74,119000,9916.67,Skladište Slanje Paketa,22238779,72519.26000000001,PR15
P S,6,2025-11-07,BL20251010-2,Perika PR33(PR33),4,18592.3,47600,9916.67,Skladište Slanje Paketa,22238779,29007.7,PR33
P S,6,2025-11-07,BL20251010-2,Perika PR4(PR4),15,69721.13,178500,9916.67,Skladište Slanje Paketa,22238779,108778.87,PR4
P S,6,2025-11-07,BL20251010-2,Perika PR36(PR36),7,24830.5,73430,8741.67,Skladište Slanje Paketa,22238779,48599.5,PR36
P S,6,2025-11-07,BL20251010-2,Perika PR1(PR1),5,18347.66,59500,9916.67,Skladište Slanje Paketa,22238779,41152.34,PR1
P S,6,2025-11-07,BL20251010-2,Perika P029(P029),5,4281.12,23750,3958.33,Skladište Slanje Paketa,22238779,19468.88,P029
P S,6,2025-11-07,BL20251010-2,Perika P043(P043),10,8562.24,47500,3958.33,Skladište Slanje Paketa,22238779,38937.76,P043
P S,6,2025-11-07,BL20251010-2,Perika P061(P061),15,12843.36,71250,3958.33,Skladište Slanje Paketa,22238779,58406.64,P061
P S,6,2025-11-07,BL20251010-2,Perika P084(P084),8,11742.5,46000,4791.67,Skladište Slanje Paketa,22238779,34257.5,P084
P S,6,2025-11-07,BL20251010-2,Perika P094(P094),5,4892.71,26950,4491.67,Skladište Slanje Paketa,22238779,22057.29,P094
P S,6,2025-11-07,BL20251010-2,Perika P081(P081),9,8806.88,48510,4491.67,Skladište Slanje Paketa,22238779,39703.12,P081
P S,6,2025-11-07,BL20251010-2,Perika P095(P095),10,14678.13,57500,4791.67,Skladište Slanje Paketa,22238779,42821.87,P095
P S,5,2025-10-27,FS250629C,RR-613/K16(RR-613/K16),50,42185.46,222500,3708.33,Skladište Slanje Paketa,22025510,180314.54,RR-613/K16(RR-613/K16)
P S,5,2025-10-27,FS250629C,Platinum ombre kratki opk(KRO-PP	),40,36344.39,159600,3325.0,Skladište Slanje Paketa,22025510,123255.61,Platinum ombre kratki opk(KRO-PP	)
P S,5,2025-10-27,FS250629C,Smede plavi kratki opk(KRO-SMPLV	),50,45430.49,199500,3325.0,Skladište Slanje Paketa,22025510,154069.51,Smede plavi kratki opk(KRO-SMPLV	)
P S,5,2025-10-27,FS250629C,Rep smeda ombre afro(AF-SMO),20,19470.21,89000,3708.33,Skladište Slanje Paketa,22025510,69529.79000000001,AF-SMO
P S,5,2025-10-27,FS250629C,TRK-6 - Rep smedi trakica(TRK-6),20,15576.17,89000,3708.33,Skladište Slanje Paketa,22025510,73423.83,TRK-6
P S,5,2025-10-27,FS250629C,RR-10 - Rep svetlo smeda ravna(RR-10),35,29529.82,155750,3708.33,Skladište Slanje Paketa,22025510,126220.18,RR-10
P S,5,2025-10-27,FS250629C,EKS-K16 - Ekstenzije tamno plava ravna(EKS-K16),40,36344.39,178000,3708.33,Skladište Slanje Paketa,22025510,141655.61,EKS-K16
P S,5,2025-10-27,FS250629C,Ariana najtamnija plava(AR-Najpl),15,11682.13,59850,3325.0,Skladište Slanje Paketa,22025510,48167.87,AR-Najpl
P S,5,2025-10-27,FS250629C,Ariana tamno smedi(AR-4),100,77880.84,399000,3325.0,Skladište Slanje Paketa,22025510,321119.16000000003,AR-4
P S,5,2025-10-27,FS250629C,Ekstenzije svetlo plava(EKS-613),30,27258.3,133500,3708.33,Skladište Slanje Paketa,22025510,106241.7,EKS-613
P S,5,2025-10-27,FS250629C,Blowdry crna(BD-1B),100,123311.33,529000,4408.33,Skladište Slanje Paketa,22025510,405688.67,BD-1B
P S,5,2025-10-27,FS250629C,Blowdry najtamnija smeda(BD-2),50,61655.67,264500,4408.33,Skladište Slanje Paketa,22025510,202844.33000000002,BD-2
P S,5,2025-10-27,FS250629C,Blowdry tamno smeda(BD-4),70,86317.93,370300,4408.33,Skladište Slanje Paketa,22025510,283982.07,BD-4
P S,5,2025-10-27,FS250629C,Blowdry smeda(BD-6),70,86317.93,370300,4408.33,Skladište Slanje Paketa,22025510,283982.07,BD-6
P S,5,2025-10-27,FS250629C,Blowdry svetlo smeda s pramenovima(BD-SMEDPR),80,98649.07,423200,4408.33,Skladište Slanje Paketa,22025510,324550.93,BD-SMEDPR
P S,5,2025-10-27,FS250629C,Blowdry tamno plava(BD-K16),50,61655.67,264500,4408.33,Skladište Slanje Paketa,22025510,202844.33000000002,BD-K16
P S,5,2025-10-27,FS250629C,Blowdry svetlo plava(BD-613),50,61655.67,264500,4408.33,Skladište Slanje Paketa,22025510,202844.33000000002,BD-613
P S,5,2025-10-27,FS250629C,Blowdry srednje plava(BD-SRP),70,86317.93,370300,4408.33,Skladište Slanje Paketa,22025510,283982.07,BD-SRP
P S,5,2025-10-27,FS250629C,Blowdry platina(BD-PLAT),50,61655.67,264500,4408.33,Skladište Slanje Paketa,22025510,202844.33000000002,BD-PLAT
P S,5,2025-10-27,FS250629C,Blowdry svetlo smeda(BD-10),50,61655.67,264500,4408.33,Skladište Slanje Paketa,22025510,202844.33000000002,BD-10
P S,4,2025-08-13,FS250428C,Rep bronza ravni(RR-BRO),15,12975.53,66750,3708.33,Skladište Slanje Paketa,20757676,53774.47,RR-BRO
P S,4,2025-08-13,FS250428C,Rep bronza afro(AF-BRO),15,14971.76,66750,3708.33,Skladište Slanje Paketa,20757676,51778.24,AF-BRO
P S,4,2025-08-13,FS250428C,Arijana smedi ombre(AR-SMO),40,31939.76,159600,3325.0,Skladište Slanje Paketa,20757676,127660.24,AR-SMO
P S,4,2025-08-13,FS250428C,Ekstenzije smeda OPK(EKSOPK-6),50,53232.93,237500,3958.33,Skladište Slanje Paketa,20757676,184267.07,EKSOPK-6
P S,4,2025-08-13,FS250428C,Ekstenzije tamno smeda OPK(EKSOPK-4),50,53232.93,237500,3958.33,Skladište Slanje Paketa,20757676,184267.07,EKSOPK-4
P S,4,2025-08-13,FS250428C,Ekstenzije tamno plava OPK(EKSOPK-K16),40,42586.35,190000,3958.33,Skladište Slanje Paketa,20757676,147413.65,EKSOPK-K16
P S,4,2025-08-13,FS250428C,Ekstenzije srednje plava OPK(EKSOPK-SRP),40,42586.35,190000,3958.33,Skladište Slanje Paketa,20757676,147413.65,EKSOPK-SRP
P S,4,2025-08-13,FS250428C,Ekstenzije svetlo plava(EKS-613),50,46578.82,222500,3708.33,Skladište Slanje Paketa,20757676,175921.18,EKS-613
P S,4,2025-08-13,FS250428C,Ariana najtamnija smeda(AR-2),70,55894.58,279300,3325.0,Skladište Slanje Paketa,20757676,223405.41999999998,AR-2
P S,4,2025-08-13,FS250428C,Ariana tamno smedi(AR-4),80,63879.52,319200,3325.0,Skladište Slanje Paketa,20757676,255320.48,AR-4
P S,4,2025-08-13,FS250428C,Ariana tamno plavi(AR-K16),100,79849.4,399000,3325.0,Skladište Slanje Paketa,20757676,319150.6,AR-K16
P S,4,2025-08-13,FS250428C,Ariana platinum ombre(AR-PLO),50,39924.7,199500,3325.0,Skladište Slanje Paketa,20757676,159575.3,AR-PLO
P S,4,2025-08-13,FS250428C,Ariana crni(AR-1B),100,79849.4,399000,3325.0,Skladište Slanje Paketa,20757676,319150.6,AR-1B
P S,4,2025-08-13,FS250428C,Kratki srednje plavi(KRR-SRP),30,23954.82,119700,3325.0,Skladište Slanje Paketa,20757676,95745.18,KRR-SRP
P S,4,2025-08-13,FS250428C,OPK-SMEDPR(OPK-SMEDPR),50,49905.87,222500,3708.33,Skladište Slanje Paketa,20757676,172594.13,OPK-SMEDPR
P S,4,2025-08-13,FS250428C,OPK platinum ombre(OPK-PLO),30,29943.52,133500,3708.33,Skladište Slanje Paketa,20757676,103556.48,OPK-PLO
P S,4,2025-08-13,FS250428C,U najtamnija smeda(U-2),80,95819.28,423200,4408.33,Skladište Slanje Paketa,20757676,327380.72,U-2
P S,4,2025-08-13,FS250428C,U mahagoni(U-MHG),50,59887.05,264500,4408.33,Skladište Slanje Paketa,20757676,204612.95,U-MHG
P S,4,2025-08-13,FS250428C,Ekstenzije crna OPK(EKSOPK-1B),50,53232.93,237500,3958.33,Skladište Slanje Paketa,20757676,184267.07,EKSOPK-1B
P S,4,2025-08-13,FS250428C,Ariana smede plavi(AR-SMPLV),20,15969.88,79800,3325.0,Skladište Slanje Paketa,20757676,63830.12,AR-SMPLV
P S,4,2025-08-13,FS250428C,Ekstenzije platina OPK(EKSOPK-PLAT),50,53232.93,237500,3958.33,Skladište Slanje Paketa,20757676,184267.07,EKSOPK-PLAT
P S,4,2025-08-13,FS250428C,Ekstenzije svetlo smeda s pramenovima OPK(EKSOPK-SMEDPR),50,53232.93,237500,3958.33,Skladište Slanje Paketa,20757676,184267.07,EKSOPK-SMEDPR
P S,4,2025-08-13,FS250428C,Ekstenzije svetlo plava OPK(EKSOPK-613),50,53232.93,237500,3958.33,Skladište Slanje Paketa,20757676,184267.07,EKSOPK-613
P S,4,2025-08-13,FS250428C,Ekstenzije platina (EKS-PLAT),50,46578.82,222500,3708.33,Skladište Slanje Paketa,20757676,175921.18,EKS-PLAT
P S,4,2025-08-13,FS250428C,Rep cimet smeda(RR-8),50,43251.76,222500,3708.33,Skladište Slanje Paketa,20757676,179248.24,RR-8
P S,4,2025-08-13,FS250428C,Rep sv. smedi s pram. afro(AF-SMEDPR),70,69868.22,311500,3708.33,Skladište Slanje Paketa,20757676,241631.78,AF-SMEDPR
P S,4,2025-08-13,FS250428C,Arijana srednje plavi(AR-SRP),50,39924.7,199500,3325.0,Skladište Slanje Paketa,20757676,159575.3,AR-SRP
P S,4,2025-08-13,FS250428C,Arijana smedi(AR-6),50,39924.7,199500,3325.0,Skladište Slanje Paketa,20757676,159575.3,AR-6
P S,4,2025-08-13,FS250428C,Rep kratki svetlo smedi(KRR-10),50,39924.7,199500,3325.0,Skladište Slanje Paketa,20757676,159575.3,KRR-10
P S,4,2025-08-13,FS250428C,Rep kratki platina(KRR-PLAT),50,39924.7,199500,3325.0,Skladište Slanje Paketa,20757676,159575.3,KRR-PLAT
P S,4,2025-08-13,FS250428C,Rep platinum ombre ravni(RR-PLO),30,25951.05,133500,3708.33,Skladište Slanje Paketa,20757676,107548.95,RR-PLO
P S,4,2025-08-13,FS250428C,Rep sivo plavi ravni(RR-SIVPL),15,12975.53,66750,3708.33,Skladište Slanje Paketa,20757676,53774.47,RR-SIVPL
P S,4,2025-08-13,FS250428C,TRK-K16 - Rep tamno plavi trakica(TRK-K16),15,11977.41,66750,3708.33,Skladište Slanje Paketa,20757676,54772.59,TRK-K16
P S,4,2025-08-13,FS250428C,AF-6 - Rep smeda afro(AF-6),60,59887.05,267000,3708.33,Skladište Slanje Paketa,20757676,207112.95,AF-6
P S,4,2025-08-13,FS250428C,AF-4 - Rep tamno smeda afro(AF-4),70,69868.22,311500,3708.33,Skladište Slanje Paketa,20757676,241631.78,AF-4
P S,4,2025-08-13,FS250428C,RR-4 - Rep tamno smedi ravni(RR-4),60,51902.11,267000,3708.33,Skladište Slanje Paketa,20757676,215097.89,RR-4
P S,4,2025-08-13,FS250428C,AF-1 - Rep crni afro(AF-1),100,99811.75,445000,3708.33,Skladište Slanje Paketa,20757676,345188.25,AF-1
P S,4,2025-08-13,FS250428C,RR-1B - Rep crni ravni(RR-1B),80,69202.81,356000,3708.33,Skladište Slanje Paketa,20757676,286797.19,RR-1B
P S,4,2025-08-13,FS250428C,RR-613 - Rep svetlo plava ravna(RR-613),40,34601.41,178000,3708.33,Skladište Slanje Paketa,20757676,143398.59,RR-613
P S,4,2025-08-13,FS250428C,EKS-K16 - Ekstenzije tamno plava ravna(EKS-K16),10,9315.76,44500,3708.33,Skladište Slanje Paketa,20757676,35184.24,EKS-K16
P S,4,2025-08-13,FS250428C,OPK-K16 - Rep tamno plava OPK(OPK-K16),40,39924.7,178000,3708.33,Skladište Slanje Paketa,20757676,138075.3,OPK-K16
P S,4,2025-08-13,FS250428C,RR-10 - Rep svetlo smeda ravna(RR-10),30,25951.05,133500,3708.33,Skladište Slanje Paketa,20757676,107548.95,RR-10
P S,4,2025-08-13,FS250428C,OPK-SMO - Rep smeda ombre OPK(OPK-SMO),60,59887.05,267000,3708.33,Skladište Slanje Paketa,20757676,207112.95,OPK-SMO
P S,4,2025-08-13,FS250428C,RR-K16 - Rep tamno plava ravna(RR-K16),40,34601.41,178000,3708.33,Skladište Slanje Paketa,20757676,143398.59,RR-K16
P S,4,2025-08-13,FS250428C,OPK-1B - Rep crna OPK(OPK-1B),140,139736.45,623000,3708.33,Skladište Slanje Paketa,20757676,483263.55,OPK-1B
P S,4,2025-08-13,FS250428C,EKS-1B - Ekstenzije crna ravna(EKS-1B),70,65210.34,311500,3708.33,Skladište Slanje Paketa,20757676,246289.66,EKS-1B
P S,4,2025-08-13,FS250428C,DR-1B - Rep crni dugi 90cm(DR-1B),25,26616.47,118750,3958.33,Skladište Slanje Paketa,20757676,92133.53,DR-1B
P S,4,2025-08-13,FS250428C,RR-SMP - Rep smede plava ravna(RR-SMP),35,30276.23,155750,3708.33,Skladište Slanje Paketa,20757676,125473.77,RR-SMP
P S,4,2025-08-13,FS250428C,AF-SMP - Rep smede plava afro(AF-SMP),50,49905.87,222500,3708.33,Skladište Slanje Paketa,20757676,172594.13,AF-SMP
P S,4,2025-08-13,FS250428C,RR-MHG - Rep mahagoni ravna(RR-MHG),30,25951.05,133500,3708.33,Skladište Slanje Paketa,20757676,107548.95,RR-MHG
P S,4,2025-08-13,FS250428C,AF-K16 - Rep tamno plava afro(AF-K16),50,49905.87,222500,3708.33,Skladište Slanje Paketa,20757676,172594.13,AF-K16
P S,4,2025-08-13,FS250428C,TRK-613 - Rep svetlo plavi trakica(TRK-613),20,15969.88,89000,3708.33,Skladište Slanje Paketa,20757676,73030.12,TRK-613
P S,4,2025-08-13,FS250428C,RR-SMO - Rep smeda ombre ravna(RR-SMO),30,25951.05,133500,3708.33,Skladište Slanje Paketa,20757676,107548.95,RR-SMO
P S,4,2025-08-13,FS250428C,TRK-6 - Rep smedi trakica(TRK-6),20,15969.88,89000,3708.33,Skladište Slanje Paketa,20757676,73030.12,TRK-6
P S,4,2025-08-13,FS250428C,OPK-NTP - Rep Natural plava OPK(OPK-NTP),50,49905.87,222500,3708.33,Skladište Slanje Paketa,20757676,172594.13,OPK-NTP
P S,4,2025-08-13,FS250428C,EKS-4 - Ekstenzije tamno smeda ravna(EKS-4),60,55894.58,267000,3708.33,Skladište Slanje Paketa,20757676,211105.41999999998,EKS-4
P S,4,2025-08-13,FS250428C,AF-10 - Rep svetlo smeda afro(AF-10),20,19962.35,89000,3708.33,Skladište Slanje Paketa,20757676,69037.65,AF-10
P S,4,2025-08-13,FS250428C,OPK-MHG - Mahagoni OPK(OPK-MHG),20,19962.35,89000,3708.33,Skladište Slanje Paketa,20757676,69037.65,OPK-MHG
P S,4,2025-08-13,FS250428C,Rep svetlo plava afro(AF-613),50,49905.87,222500,3708.33,Skladište Slanje Paketa,20757676,172594.13,AF-613
P S,4,2025-08-13,FS250428C,OPK-SMP - Rep smede plava ombre OPK(OPK-SMP),40,39924.7,178000,3708.33,Skladište Slanje Paketa,20757676,138075.3,OPK-SMP
P S,4,2025-08-13,FS250428C,RR-350 - Rep crvena ravna(RR-350),20,17300.7,89000,3708.33,Skladište Slanje Paketa,20757676,71699.3,RR-350
P S,4,2025-08-13,FS250428C,Rep Mahagoni afro(AF-MHG),20,19962.35,89000,3708.33,Skladište Slanje Paketa,20757676,69037.65,AF-MHG
P S,4,2025-08-13,FS250428C,Ekstenzije smeda ravna(EKS-6),60,55894.58,267000,3708.33,Skladište Slanje Paketa,20757676,211105.41999999998,EKS-6
P S,4,2025-08-13,FS250428C,Rep svetlo smedi na trakicu(TRK-10),15,11977.41,66750,3708.33,Skladište Slanje Paketa,20757676,54772.59,TRK-10
P S,4,2025-08-13,FS250428C,Rep smedi ravni(RR-6),60,51902.11,267000,3708.33,Skladište Slanje Paketa,20757676,215097.89,RR-6
P S,4,2025-08-13,FS250428C,Rep tamno smedi na trakicu(TRK-4),40,31939.76,178000,3708.33,Skladište Slanje Paketa,20757676,146060.24,TRK-4
P S,4,2025-08-13,FS250428C,Rep crni na trakicu(TRK-1B),20,15969.88,89000,3708.33,Skladište Slanje Paketa,20757676,73030.12,TRK-1B
P S,4,2025-08-13,FS250428C,AF-CRV - Rep crvena afro(AF-CRV),10,9981.17,44500,3708.33,Skladište Slanje Paketa,20757676,34518.83,AF-CRV
P S,4,2025-08-13,FS250428C,DR-4 - Dugi tamnosmedi(DR-4),20,21293.17,95000,3958.33,Skladište Slanje Paketa,20757676,73706.83,DR-4
P S,4,2025-08-13,FS250428C,EKS-10 - Ekstenzije svetlo smeda(EKS-10),50,46578.82,222500,3708.33,Skladište Slanje Paketa,20757676,175921.18,EKS-10
P S,4,2025-08-13,FS250428C,Smede plavi kratki opk(KRO-SMPLV	),60,55894.58,239400,3325.0,Skladište Slanje Paketa,20757676,183505.41999999998,Smede plavi kratki opk(KRO-SMPLV	)
P S,4,2025-08-13,FS250428C,Mahagoni kratki opk(KRO-MHG	),10,9315.76,39900,3325.0,Skladište Slanje Paketa,20757676,30584.239999999998,Mahagoni kratki opk(KRO-MHG	)
P S,4,2025-08-13,FS250428C,Smedi ombre kratki opk(KRO-SMO	),50,46578.82,199500,3325.0,Skladište Slanje Paketa,20757676,152921.18,Smedi ombre kratki opk(KRO-SMO	)
P S,4,2025-08-13,FS250428C,Svetlo plavi kratki opk(KRO-613	),50,46578.82,199500,3325.0,Skladište Slanje Paketa,20757676,152921.18,Svetlo plavi kratki opk(KRO-613	)
P S,4,2025-08-13,FS250428C,Platinum ombre kratki opk(KRO-PP	),20,18631.53,79800,3325.0,Skladište Slanje Paketa,20757676,61168.47,Platinum ombre kratki opk(KRO-PP	)
P S,4,2025-08-13,FS250428C,EKS-SRP - Ekstenzije srednje plava ravna(EKS-SRP),40,37263.05,178000,3708.33,Skladište Slanje Paketa,20757676,140736.95,EKS-SRP
P S,4,2025-08-13,FS250428C,U klipse crna(U-1B),130,155706.28,687700,4408.33,Skladište Slanje Paketa,20757676,531993.72,U-1B
P S,4,2025-08-13,FS250428C,U klipse tamno smeda(U-4),80,95819.28,423200,4408.33,Skladište Slanje Paketa,20757676,327380.72,U-4
P S,4,2025-08-13,FS250428C,Arijana svetlo plavi(AR-613),45,35932.23,179550,3325.0,Skladište Slanje Paketa,20757676,143617.77,AR-613
P S,4,2025-08-13,FS250428C,U klise smede(U-6),50,59887.05,264500,4408.33,Skladište Slanje Paketa,20757676,204612.95,U-6
P S,4,2025-08-13,FS250428C,U klipse srednje plava(U-SRP),50,59887.05,264500,4408.33,Skladište Slanje Paketa,20757676,204612.95,U-SRP
P S,4,2025-08-13,FS250428C,Smedi kratki opk(KRO-6	),70,65210.34,279300,3325.0,Skladište Slanje Paketa,20757676,214089.66,Smedi kratki opk(KRO-6	)
P S,4,2025-08-13,FS250428C,Tamno plavi kratki opk(KRO-k16	),50,46578.82,199500,3325.0,Skladište Slanje Paketa,20757676,152921.18,Tamno plavi kratki opk(KRO-k16	)
P S,4,2025-08-13,FS250428C,Crni kratki opk(KRO-1B	),50,46578.82,199500,3325.0,Skladište Slanje Paketa,20757676,152921.18,Crni kratki opk(KRO-1B	)
P S,4,2025-08-13,FS250428C,Najtamniji smedi kratki opk(KRO-2	),50,46578.82,199500,3325.0,Skladište Slanje Paketa,20757676,152921.18,Najtamniji smedi kratki opk(KRO-2	)
P S,4,2025-08-13,FS250428C,Tamno smedi kratki opk(KRO-4	),50,46578.82,199500,3325.0,Skladište Slanje Paketa,20757676,152921.18,Tamno smedi kratki opk(KRO-4	)
P S,4,2025-08-13,FS250428C,Smede plavi kratki(KRR-SMPLV	),40,31939.76,159600,3325.0,Skladište Slanje Paketa,20757676,127660.24,Smede plavi kratki(KRR-SMPLV	)
P S,4,2025-08-13,FS250428C,Mahagoni kratki(KRR-MHG	),10,7984.94,39900,3325.0,Skladište Slanje Paketa,20757676,31915.06,Mahagoni kratki(KRR-MHG	)
P S,4,2025-08-13,FS250428C,Tamno smeda kratki(KRR-4	),50,39924.7,199500,3325.0,Skladište Slanje Paketa,20757676,159575.3,Tamno smeda kratki(KRR-4	)
P S,4,2025-08-13,FS250428C,Tamno plavi kratki(KRR-k16	),30,23954.82,119700,3325.0,Skladište Slanje Paketa,20757676,95745.18,Tamno plavi kratki(KRR-k16	)
P S,4,2025-08-13,FS250428C,Smedi ombre kratki(KRR-SMO	),30,23954.82,119700,3325.0,Skladište Slanje Paketa,20757676,95745.18,Smedi ombre kratki(KRR-SMO	)
P S,4,2025-08-13,FS250428C,Crni kratki rep(KRR-1B	),20,15969.88,79800,3325.0,Skladište Slanje Paketa,20757676,63830.12,Crni kratki rep(KRR-1B	)
P S,4,2025-08-13,FS250428C,Najtamnija smeda kratki(KRR-2	),20,15969.88,79800,3325.0,Skladište Slanje Paketa,20757676,63830.12,Najtamnija smeda kratki(KRR-2	)
P S,4,2025-08-13,FS250428C,Najtamnija smeda afro(AF-2	),60,59887.05,267000,3708.33,Skladište Slanje Paketa,20757676,207112.95,Najtamnija smeda afro(AF-2	)
P S,4,2025-08-13,FS250428C,Karamel ravni(RR-KAR	),15,12975.53,66750,3708.33,Skladište Slanje Paketa,20757676,53774.47,Karamel ravni(RR-KAR	)
P S,4,2025-08-13,FS250428C,Najtamnija smeda(RR-2	),40,34601.41,178000,3708.33,Skladište Slanje Paketa,20757676,143398.59,Najtamnija smeda(RR-2	)
P S,4,2025-08-13,FS250428C,Srednje plavi(RR-SRP	),40,34601.41,178000,3708.33,Skladište Slanje Paketa,20757676,143398.59,Srednje plavi(RR-SRP	)
P S,4,2025-08-13,FS250428C,Svetlo Smedi s pramenovima(RR-SMEDPR	),50,43251.76,222500,3708.33,Skladište Slanje Paketa,20757676,179248.24,Svetlo Smedi s pramenovima(RR-SMEDPR	)
P S,4,2025-08-13,FS250428C,Platinum(RR-PLAT	),50,43251.76,222500,3708.33,Skladište Slanje Paketa,20757676,179248.24,Platinum(RR-PLAT	)
P S,4,2025-08-13,FS250428C,Platinum OPK(OPK-PLAT	),50,49905.87,222500,3708.33,Skladište Slanje Paketa,20757676,172594.13,Platinum OPK(OPK-PLAT	)
P S,4,2025-08-13,FS250428C,Platinum afro(AF-PLAT	),50,49905.87,222500,3708.33,Skladište Slanje Paketa,20757676,172594.13,Platinum afro(AF-PLAT	)
P S,4,2025-08-13,FS250428C,Rep tamno smeda OPK(OPK-4	),100,99811.75,445000,3708.33,Skladište Slanje Paketa,20757676,345188.25,Rep tamno smeda OPK(OPK-4	)
P S,4,2025-08-13,FS250428C,Najtamnija smeda OPK(OPK-2),50,49905.87,222500,3708.33,Skladište Slanje Paketa,20757676,172594.13,OPK-2
P S,4,2025-08-13,FS250428C,Rep smeda OPK(OPK-6	),70,69868.22,311500,3708.33,Skladište Slanje Paketa,20757676,241631.78,Rep smeda OPK(OPK-6	)
P S,3,2025-05-18,BL20250410,Perika PR33(PR33),5,24205.38,59500,9916.67,Skladište Slanje Paketa,19240264,35294.619999999995,PR33
P S,3,2025-05-18,BL20250410,Perika PR33(PR33),5,24205.38,59500,9916.67,Skladište Slanje Paketa,19240264,35294.619999999995,PR33
P S,3,2025-05-18,BL20250410,Perika PR33(PR33),12,45862.82,142800,9916.67,Skladište Slanje Paketa,19240264,96937.18,PR33
P S,3,2025-05-18,BL20250410,Perika PR1(PR1),2,7898.6,23800,9916.67,Skladište Slanje Paketa,19240264,15901.4,PR1
P S,3,2025-05-18,BL20250410,Perika PR6(PR6),10,36945.05,119000,9916.67,Skladište Slanje Paketa,19240264,82054.95,PR6
P S,3,2025-05-18,BL20250410,Perika PR8(PR8),15,72616.12,178500,9916.67,Skladište Slanje Paketa,19240264,105883.88,PR8
P S,3,2025-05-18,BL20250410,Perike PR31(PR31),7,31212.2,83300,9916.67,Skladište Slanje Paketa,19240264,52087.8,PR31
P S,3,2025-05-18,BL20250410,Perika PR43(PR43),15,59239.48,178500,9916.67,Skladište Slanje Paketa,19240264,119260.51999999999,PR43
P S,3,2025-05-18,BL20250410,Perika P061(P061),5,4458.89,23750,3958.33,Skladište Slanje Paketa,19240264,19291.11,P061
P S,3,2025-05-18,BL20250410,Perika P095(P095),10,15287.61,57500,4791.67,Skladište Slanje Paketa,19240264,42212.39,P095
P S,3,2025-05-18,BL20250410,Perika P081(P081),2,2038.35,10780,4491.67,Skladište Slanje Paketa,19240264,8741.65,P081
P S,3,2025-05-18,BL20250410,Perika PR41(PR41),5,21657.44,59500,9916.67,Skladište Slanje Paketa,19240264,37842.56,PR41
P S,3,2025-05-18,BL20250410,PR7(PR7),5,19746.49,59500,9916.67,Skladište Slanje Paketa,19240264,39753.509999999995,PR7
P S,3,2025-05-18,BL20250410,PR23(PR23),12,53506.63,142800,9916.67,Skladište Slanje Paketa,19240264,89293.37,PR23
P S,3,2025-05-18,BL20250410,P017(P017),12,18345.13,57000,3958.33,Skladište Slanje Paketa,19240264,38654.869999999995,P017
P S,3,2025-05-18,BL20250410,PR10(PR10),7,26753.31,83300,9916.67,Skladište Slanje Paketa,19240264,56546.69,PR10
P S,3,2025-05-18,BL20250410,PR19(PR19),7,33887.53,83300,9916.67,Skladište Slanje Paketa,19240264,49412.47,PR19
P S,3,2025-05-18,BL20250410,PR25(PR25),10,44588.86,119000,9916.67,Skladište Slanje Paketa,19240264,74411.14,PR25
P S,3,2025-05-18,BL20250410,PR40(PR40),8,30575.22,95200,9916.67,Skladište Slanje Paketa,19240264,64624.78,PR40
P S,3,2025-05-18,BL20250410,P075(P075),15,22931.41,80850,4491.67,Skladište Slanje Paketa,19240264,57918.59,P075
P S,3,2025-05-18,BL20250410,P066(P066),15,22931.41,80850,4491.67,Skladište Slanje Paketa,19240264,57918.59,P066
P S,3,2025-05-18,BL20250410,P091(P091),12,18345.13,64680,4491.67,Skladište Slanje Paketa,19240264,46334.869999999995,P091
P S,3,2025-05-18,BL20250410,PR32(PR32),10,43314.89,119000,9916.67,Skladište Slanje Paketa,19240264,75685.11,PR32
P S,3,2025-05-18,BL20250410,PR11(PR11),5,22294.43,59500,9916.67,Skladište Slanje Paketa,19240264,37205.57,PR11
P S,2,2025-05-08,FS250125C,PR9(PR9),5,17828.51,52450,8741.67,Skladište Slanje Paketa,19075103,34621.490000000005,PR9
P S,2,2025-05-08,FS250125C,PR53(PR53),10,35657.03,104900,8741.67,Skladište Slanje Paketa,19075103,69242.97,PR53
P S,2,2025-05-08,FS250125C,PR44(PR44),5,16507.88,52450,8741.67,Skladište Slanje Paketa,19075103,35942.119999999995,PR44
P S,2,2025-05-08,FS250125C,PR55(PR55),10,31695.14,104900,8741.67,Skladište Slanje Paketa,19075103,73204.86,PR55
P S,2,2025-05-08,FS250125C,PR00(PR00),5,15847.57,52450,8741.67,Skladište Slanje Paketa,19075103,36602.43,PR00
P S,2,2025-05-08,FS250125C,PR51(PR51),10,35657.03,104900,8741.67,Skladište Slanje Paketa,19075103,69242.97,PR51
P S,2,2025-05-08,FS250125C,DR-6(DR-6),50,52825.23,237500,3958.33,Skladište Slanje Paketa,19075103,184674.77,DR-6
P S,2,2025-05-08,FS250125C,DR-SRP(DR-SRP),50,52825.23,237500,3958.33,Skladište Slanje Paketa,19075103,184674.77,DR-SRP
P S,2,2025-05-08,FS250125C,Dugi tamno plavi(DR-K16),50,52825.23,237500,3958.33,Skladište Slanje Paketa,19075103,184674.77,DR-K16
P S,2,2025-05-08,FS250125C,Kratki smedi(KRR-6),30,23771.35,119700,3325.0,Skladište Slanje Paketa,19075103,95928.65,KRR-6
P S,2,2025-05-08,FS250125C,Kratki smedi(KRR-6),50,39618.92,199500,3325.0,Skladište Slanje Paketa,19075103,159881.08000000002,KRR-6
P S,2,2025-05-08,FS250125C,Kratki srednje plavi(KRR-SRP),50,39618.92,199500,3325.0,Skladište Slanje Paketa,19075103,159881.08000000002,KRR-SRP
P S,2,2025-05-08,FS250125C,Ariana crni(AR-1B),50,39618.92,199500,3325.0,Skladište Slanje Paketa,19075103,159881.08000000002,AR-1B
P S,2,2025-05-08,FS250125C,U-SMEDPR(U-SMEDPR),60,71314.06,317400,4408.33,Skladište Slanje Paketa,19075103,246085.94,U-SMEDPR
P S,2,2025-05-08,FS250125C,OPK-SMEDPR(OPK-SMEDPR),50,49523.65,222500,3708.33,Skladište Slanje Paketa,19075103,172976.35,OPK-SMEDPR
P S,2,2025-05-08,FS250125C,Ariana najtamnija plava(AR-Najpl),20,15847.57,79800,3325.0,Skladište Slanje Paketa,19075103,63952.43,AR-Najpl
P S,2,2025-05-08,FS250125C,Ariana smede plavi(AR-SMPLV),40,31695.14,159600,3325.0,Skladište Slanje Paketa,19075103,127904.86,AR-SMPLV
P S,2,2025-05-08,FS250125C,OPK platinum ombre(OPK-PLO),10,9904.73,44500,3708.33,Skladište Slanje Paketa,19075103,34595.270000000004,OPK-PLO
P S,2,2025-05-08,FS250125C,Ariana tamno plavi(AR-K16),30,23771.35,119700,3325.0,Skladište Slanje Paketa,19075103,95928.65,AR-K16
P S,2,2025-05-08,FS250125C,Ariana tamno smedi(AR-4),40,31695.14,159600,3325.0,Skladište Slanje Paketa,19075103,127904.86,AR-4
P S,2,2025-05-08,FS250125C,Ariana platinum ombre(AR-PLO),20,15847.57,79800,3325.0,Skladište Slanje Paketa,19075103,63952.43,AR-PLO
P S,2,2025-05-08,FS250125C,Ariana najtamnija smeda(AR-2),40,31695.14,159600,3325.0,Skladište Slanje Paketa,19075103,127904.86,AR-2
P S,2,2025-05-08,FS250125C,Arijana svetlo plavi(AR-613),30,23771.35,119700,3325.0,Skladište Slanje Paketa,19075103,95928.65,AR-613
P S,2,2025-05-08,FS250125C,U klipse svetlo plava(U-613),50,59428.38,264500,4408.33,Skladište Slanje Paketa,19075103,205071.62,U-613
P S,2,2025-05-08,FS250125C,U klipse platinum plava(U-PLAT),50,59428.38,264500,4408.33,Skladište Slanje Paketa,19075103,205071.62,U-PLAT
P S,2,2025-05-08,FS250125C,U klipse tamno plava(U-K16),60,71314.06,317400,4408.33,Skladište Slanje Paketa,19075103,246085.94,U-K16
P S,2,2025-05-08,FS250125C,U klipse srednje plava(U-SRP),60,71314.06,317400,4408.33,Skladište Slanje Paketa,19075103,246085.94,U-SRP
P S,2,2025-05-08,FS250125C,U klise smede(U-6),60,71314.06,317400,4408.33,Skladište Slanje Paketa,19075103,246085.94,U-6
P S,2,2025-05-08,FS250125C,U klipse tamno smeda(U-4),70,83199.74,370300,4408.33,Skladište Slanje Paketa,19075103,287100.26,U-4
P S,2,2025-05-08,FS250125C,EKS-SRP - Ekstenzije srednje plava ravna(EKS-SRP),20,18488.83,89000,3708.33,Skladište Slanje Paketa,19075103,70511.17,EKS-SRP
P S,2,2025-05-08,FS250125C,U klipse crna(U-1B),80,95085.36,423200,4408.33,Skladište Slanje Paketa,19075103,328114.64,U-1B
P S,2,2025-05-08,FS250125C,Platinum ombre kratki opk(KRO-PP	),10,9244.42,39900,3325.0,Skladište Slanje Paketa,19075103,30655.58,Platinum ombre kratki opk(KRO-PP	)
P S,2,2025-05-08,FS250125C,Ekstenzije smede plava ravna(EKS-SMPLV	),20,18488.83,89000,3708.33,Skladište Slanje Paketa,19075103,70511.17,Ekstenzije smede plava ravna(EKS-SMPLV	)
P S,2,2025-05-08,FS250125C,Svetlo plavi kratki opk(KRO-613	),10,9244.42,39900,3325.0,Skladište Slanje Paketa,19075103,30655.58,Svetlo plavi kratki opk(KRO-613	)
P S,2,2025-05-08,FS250125C,Smedi ombre kratki opk(KRO-SMO	),15,13866.62,59850,3325.0,Skladište Slanje Paketa,19075103,45983.38,Smedi ombre kratki opk(KRO-SMO	)
P S,2,2025-05-08,FS250125C,Mahagoni kratki opk(KRO-MHG	),10,9244.42,39900,3325.0,Skladište Slanje Paketa,19075103,30655.58,Mahagoni kratki opk(KRO-MHG	)
P S,2,2025-05-08,FS250125C,Smede plavi kratki opk(KRO-SMPLV	),20,18488.83,79800,3325.0,Skladište Slanje Paketa,19075103,61311.17,Smede plavi kratki opk(KRO-SMPLV	)
P S,2,2025-05-08,FS250125C,Rep smeda OPK(OPK-6	),30,29714.19,133500,3708.33,Skladište Slanje Paketa,19075103,103785.81,Rep smeda OPK(OPK-6	)
P S,2,2025-05-08,FS250125C,Svetlo Smedi s pramenovima(RR-SMEDPR	),60,51504.6,267000,3708.33,Skladište Slanje Paketa,19075103,215495.4,Svetlo Smedi s pramenovima(RR-SMEDPR	)
P S,2,2025-05-08,FS250125C,Platinum OPK(OPK-PLAT	),50,49523.65,222500,3708.33,Skladište Slanje Paketa,19075103,172976.35,Platinum OPK(OPK-PLAT	)
P S,2,2025-05-08,FS250125C,Platinum(RR-PLAT	),50,42920.5,222500,3708.33,Skladište Slanje Paketa,19075103,179579.5,Platinum(RR-PLAT	)
P S,2,2025-05-08,FS250125C,Srednje plavi(RR-SRP	),30,25752.3,133500,3708.33,Skladište Slanje Paketa,19075103,107747.7,Srednje plavi(RR-SRP	)
P S,2,2025-05-08,FS250125C,Najtamnija smeda(RR-2	),25,21460.25,111250,3708.33,Skladište Slanje Paketa,19075103,89789.75,Najtamnija smeda(RR-2	)
P S,2,2025-05-08,FS250125C,Najtamnija smeda kratki(KRR-2	),30,23771.35,119700,3325.0,Skladište Slanje Paketa,19075103,95928.65,Najtamnija smeda kratki(KRR-2	)
P S,2,2025-05-08,FS250125C,Tamno smeda kratki(KRR-4	),30,23771.35,119700,3325.0,Skladište Slanje Paketa,19075103,95928.65,Tamno smeda kratki(KRR-4	)
P S,2,2025-05-08,FS250125C,Crni kratki rep(KRR-1B	),30,23771.35,119700,3325.0,Skladište Slanje Paketa,19075103,95928.65,Crni kratki rep(KRR-1B	)
P S,2,2025-05-08,FS250125C,Tamno plavi kratki(KRR-k16	),40,31695.14,159600,3325.0,Skladište Slanje Paketa,19075103,127904.86,Tamno plavi kratki(KRR-k16	)
P S,2,2025-05-08,FS250125C,Smedi ombre kratki(KRR-SMO	),20,15847.57,79800,3325.0,Skladište Slanje Paketa,19075103,63952.43,Smedi ombre kratki(KRR-SMO	)
P S,2,2025-05-08,FS250125C,Smede plavi kratki(KRR-SMPLV	),20,15847.57,79800,3325.0,Skladište Slanje Paketa,19075103,63952.43,Smede plavi kratki(KRR-SMPLV	)
P S,2,2025-05-08,FS250125C,Crni kratki opk(KRO-1B	),40,36977.66,159600,3325.0,Skladište Slanje Paketa,19075103,122622.34,Crni kratki opk(KRO-1B	)
P S,2,2025-05-08,FS250125C,Tamno smedi kratki opk(KRO-4	),30,27733.25,119700,3325.0,Skladište Slanje Paketa,19075103,91966.75,Tamno smedi kratki opk(KRO-4	)
P S,2,2025-05-08,FS250125C,Najtamniji smedi kratki opk(KRO-2	),30,27733.25,119700,3325.0,Skladište Slanje Paketa,19075103,91966.75,Najtamniji smedi kratki opk(KRO-2	)
P S,2,2025-05-08,FS250125C,Smedi kratki opk(KRO-6	),20,18488.83,79800,3325.0,Skladište Slanje Paketa,19075103,61311.17,Smedi kratki opk(KRO-6	)
P S,2,2025-05-08,FS250125C,Tamno plavi kratki opk(KRO-k16	),30,27733.25,119700,3325.0,Skladište Slanje Paketa,19075103,91966.75,Tamno plavi kratki opk(KRO-k16	)
P S,2,2025-05-08,FS250125C,Ekstenzije s plavim pramenovima(EKS-PRAM	),10,9244.42,44500,3708.33,Skladište Slanje Paketa,19075103,35255.58,Ekstenzije s plavim pramenovima(EKS-PRAM	)
P S,2,2025-05-08,FS250125C,AF-CRV - Rep crvena afro(AF-CRV),10,9904.73,44500,3708.33,Skladište Slanje Paketa,19075103,34595.270000000004,AF-CRV
P S,2,2025-05-08,FS250125C,Ekstenzije sivo plava(EKS-SIVPL	),10,9244.42,44500,3708.33,Skladište Slanje Paketa,19075103,35255.58,Ekstenzije sivo plava(EKS-SIVPL	)
P S,2,2025-05-08,FS250125C,Svetlo smeda OPK(OPK-10	),50,49523.65,222500,3708.33,Skladište Slanje Paketa,19075103,172976.35,Svetlo smeda OPK(OPK-10	)
P S,2,2025-05-08,FS250125C,Ekstenzije platinum pl. ombre(EKS-PLO),30,27733.25,133500,3708.33,Skladište Slanje Paketa,19075103,105766.75,EKS-PLO
P S,2,2025-05-08,FS250125C,Najtamnija smeda OPK(OPK-2),40,39618.92,178000,3708.33,Skladište Slanje Paketa,19075103,138381.08000000002,OPK-2
P S,2,2025-05-08,FS250125C,Rep smedi ravni(RR-6),25,21460.25,111250,3708.33,Skladište Slanje Paketa,19075103,89789.75,RR-6
P S,2,2025-05-08,FS250125C,Ekstenzije smeda ravna(EKS-6),20,18488.83,89000,3708.33,Skladište Slanje Paketa,19075103,70511.17,EKS-6
P S,2,2025-05-08,FS250125C,OPK-SMP - Rep smede plava ombre OPK(OPK-SMP),40,39618.92,178000,3708.33,Skladište Slanje Paketa,19075103,138381.08000000002,OPK-SMP
P S,2,2025-05-08,FS250125C,Rep smeda ombre afro(AF-SMO),10,9904.73,44500,3708.33,Skladište Slanje Paketa,19075103,34595.270000000004,AF-SMO
P S,2,2025-05-08,FS250125C,RR-350 - Rep crvena ravna(RR-350),15,12876.15,66750,3708.33,Skladište Slanje Paketa,19075103,53873.85,RR-350
P S,2,2025-05-08,FS250125C,EKS-SSP - Ekstenzije smede s pramenovima ravna(EKS-SSP),20,18488.83,89000,3708.33,Skladište Slanje Paketa,19075103,70511.17,EKS-SSP
P S,2,2025-05-08,FS250125C,Rep svetlo plava afro(AF-613),20,19809.46,89000,3708.33,Skladište Slanje Paketa,19075103,69190.54000000001,AF-613
P S,2,2025-05-08,FS250125C,OPK-MHG - Mahagoni OPK(OPK-MHG),20,19809.46,89000,3708.33,Skladište Slanje Paketa,19075103,69190.54000000001,OPK-MHG
P S,2,2025-05-08,FS250125C,OPK-NTP - Rep Natural plava OPK(OPK-NTP),20,19809.46,89000,3708.33,Skladište Slanje Paketa,19075103,69190.54000000001,OPK-NTP
P S,2,2025-05-08,FS250125C,DR-SIVPL - Rep sivo plava 90cm(DR-SIVPL),15,15847.57,71250,3958.33,Skladište Slanje Paketa,19075103,55402.43,DR-SIVPL
P S,2,2025-05-08,FS250125C,EKS-4 - Ekstenzije tamno smeda ravna(EKS-4),20,18488.83,89000,3708.33,Skladište Slanje Paketa,19075103,70511.17,EKS-4
P S,2,2025-05-08,FS250125C,AF-K16 - Rep tamno plava afro(AF-K16),20,19809.46,89000,3708.33,Skladište Slanje Paketa,19075103,69190.54000000001,AF-K16
P S,2,2025-05-08,FS250125C,RR-SMP - Rep smede plava ravna(RR-SMP),40,34336.4,178000,3708.33,Skladište Slanje Paketa,19075103,143663.6,RR-SMP
P S,2,2025-05-08,FS250125C,AF-SMP - Rep smede plava afro(AF-SMP),20,19809.46,89000,3708.33,Skladište Slanje Paketa,19075103,69190.54000000001,AF-SMP
P S,2,2025-05-08,FS250125C,DR-1B - Rep crni dugi 90cm(DR-1B),10,10565.05,47500,3958.33,Skladište Slanje Paketa,19075103,36934.95,DR-1B
P S,2,2025-05-08,FS250125C,EKS-1B - Ekstenzije crna ravna(EKS-1B),50,46222.08,222500,3708.33,Skladište Slanje Paketa,19075103,176277.91999999998,EKS-1B
P S,2,2025-05-08,FS250125C,OPK-1B - Rep crna OPK(OPK-1B),30,29714.19,133500,3708.33,Skladište Slanje Paketa,19075103,103785.81,OPK-1B
P S,2,2025-05-08,FS250125C,RR-K16 - Rep tamno plava ravna(RR-K16),25,21460.25,111250,3708.33,Skladište Slanje Paketa,19075103,89789.75,RR-K16
P S,2,2025-05-08,FS250125C,RR-SMO - Rep smeda ombre ravna(RR-SMO),30,25752.3,133500,3708.33,Skladište Slanje Paketa,19075103,107747.7,RR-SMO
P S,2,2025-05-08,FS250125C,OPK-SMO - Rep smeda ombre OPK(OPK-SMO),30,29714.19,133500,3708.33,Skladište Slanje Paketa,19075103,103785.81,OPK-SMO
P S,2,2025-05-08,FS250125C,RR-10 - Rep svetlo smeda ravna(RR-10),15,12876.15,66750,3708.33,Skladište Slanje Paketa,19075103,53873.85,RR-10
P S,2,2025-05-08,FS250125C,OPK-K16 - Rep tamno plava OPK(OPK-K16),40,39618.92,178000,3708.33,Skladište Slanje Paketa,19075103,138381.08000000002,OPK-K16
P S,2,2025-05-08,FS250125C,RR-613 - Rep svetlo plava ravna(RR-613),25,21460.25,111250,3708.33,Skladište Slanje Paketa,19075103,89789.75,RR-613
P S,2,2025-05-08,FS250125C,RR-1B - Rep crni ravni(RR-1B),40,34336.4,178000,3708.33,Skladište Slanje Paketa,19075103,143663.6,RR-1B
P S,2,2025-05-08,FS250125C,DR-PP - Rep platinum dugi 90cm(DR-PP),20,21130.09,95000,3958.33,Skladište Slanje Paketa,19075103,73869.91,DR-PP
P S,2,2025-05-08,FS250125C,RR-4 - Rep tamno smedi ravni(RR-4),20,17168.2,89000,3708.33,Skladište Slanje Paketa,19075103,71831.8,RR-4
P S,1,2025-01-28,FS241212,RR-4 - Rep tamno smedi ravni(RR-4),60,57747.52,267000,3708.33,Skladište Slanje Paketa,17473198,209252.48,RR-4
P S,1,2025-01-28,FS241212,AF-1 - Rep crni afro(AF-1),50,55526.46,222500,3708.33,Skladište Slanje Paketa,17473198,166973.54,AF-1
P S,1,2025-01-28,FS241212,AF-6 - Rep smeda afro(AF-6),30,33315.88,133500,3708.33,Skladište Slanje Paketa,17473198,100184.12,AF-6
P S,1,2025-01-28,FS241212,AF-4 - Rep tamno smeda afro(AF-4),30,33315.88,133500,3708.33,Skladište Slanje Paketa,17473198,100184.12,AF-4
P S,1,2025-01-28,FS241212,EKS-K16 - Ekstenzije tamno plava ravna(EKS-K16),40,41459.76,178000,3708.33,Skladište Slanje Paketa,17473198,136540.24,EKS-K16
P S,1,2025-01-28,FS241212,RR-1B - Rep crni ravni(RR-1B),60,57747.52,267000,3708.33,Skladište Slanje Paketa,17473198,209252.48,RR-1B
P S,1,2025-01-28,FS241212,RR-MHG - Rep mahagoni ravna(RR-MHG),10,9624.59,44500,3708.33,Skladište Slanje Paketa,17473198,34875.41,RR-MHG
P S,1,2025-01-28,FS241212,OPK-K16 - Rep tamno plava OPK(OPK-K16),35,38868.52,155750,3708.33,Skladište Slanje Paketa,17473198,116881.48000000001,OPK-K16
P S,1,2025-01-28,FS241212,RR-10 - Rep svetlo smeda ravna(RR-10),20,19249.17,89000,3708.33,Skladište Slanje Paketa,17473198,69750.83,RR-10
P S,1,2025-01-28,FS241212,RR-K16 - Rep tamno plava ravna(RR-K16),30,28873.76,133500,3708.33,Skladište Slanje Paketa,17473198,104626.24,RR-K16
P S,1,2025-01-28,FS241212,RR-SMO - Rep smeda ombre ravna(RR-SMO),15,14436.88,66750,3708.33,Skladište Slanje Paketa,17473198,52313.12,RR-SMO
P S,1,2025-01-28,FS241212,OPK-SMO - Rep smeda ombre OPK(OPK-SMO),35,38868.52,155750,3708.33,Skladište Slanje Paketa,17473198,116881.48000000001,OPK-SMO
P S,1,2025-01-28,FS241212,OPK-1B - Rep crna OPK(OPK-1B),50,55526.46,222500,3708.33,Skladište Slanje Paketa,17473198,166973.54,OPK-1B
P S,1,2025-01-28,FS241212,EKS-1B - Ekstenzije crna ravna(EKS-1B),60,62189.64,267000,3708.33,Skladište Slanje Paketa,17473198,204810.36,EKS-1B
P S,1,2025-01-28,FS241212,DR-1B - Rep crni dugi 90cm(DR-1B),30,35536.94,142500,3958.33,Skladište Slanje Paketa,17473198,106963.06,DR-1B
P S,1,2025-01-28,FS241212,AF-SMP - Rep smede plava afro(AF-SMP),20,22210.58,89000,3708.33,Skladište Slanje Paketa,17473198,66789.42,AF-SMP
P S,1,2025-01-28,FS241212,RR-SMP - Rep smede plava ravna(RR-SMP),20,19249.17,89000,3708.33,Skladište Slanje Paketa,17473198,69750.83,RR-SMP
P S,1,2025-01-28,FS241212,AF-K16 - Rep tamno plava afro(AF-K16),30,33315.88,133500,3708.33,Skladište Slanje Paketa,17473198,100184.12,AF-K16
P S,1,2025-01-28,FS241212,EKS-4 - Ekstenzije tamno smeda ravna(EKS-4),60,62189.67,267000,3708.33,Skladište Slanje Paketa,17473198,204810.33000000002,EKS-4
P S,1,2025-01-28,FS241212,EKS-NAT - Ekstenzije Natural Plave(EKS-NAT),40,41459.76,178000,3708.33,Skladište Slanje Paketa,17473198,136540.24,EKS-NAT
P S,1,2025-01-28,FS241212,OPK-NTP - Rep Natural plava OPK(OPK-NTP),20,22210.58,89000,3708.33,Skladište Slanje Paketa,17473198,66789.42,OPK-NTP
P S,1,2025-01-28,FS241212,DR-SMPLV - Rep smede plava 90cm(DR-SMPLV),15,17768.47,71250,3958.33,Skladište Slanje Paketa,17473198,53481.53,DR-SMPLV
P S,1,2025-01-28,FS241212,Rep smeda ombre afro(AF-SMO),10,11105.29,44500,3708.33,Skladište Slanje Paketa,17473198,33394.71,AF-SMO
P S,1,2025-01-28,FS241212,RR-350 - Rep crvena ravna(RR-350),10,9624.59,44500,3708.33,Skladište Slanje Paketa,17473198,34875.41,RR-350
P S,1,2025-01-28,FS241212,AF-10 - Rep svetlo smeda afro(AF-10),10,11105.29,44500,3708.33,Skladište Slanje Paketa,17473198,33394.71,AF-10
P S,1,2025-01-28,FS241212,OPK-SMP - Rep smede plava ombre OPK(OPK-SMP),15,16657.94,66750,3708.33,Skladište Slanje Paketa,17473198,50092.06,OPK-SMP
P S,1,2025-01-28,FS241212,Rep Mahagoni afro(AF-MHG),10,11105.29,44500,3708.33,Skladište Slanje Paketa,17473198,33394.71,AF-MHG
P S,1,2025-01-28,FS241212,Ekstenzije smeda ravna(EKS-6),60,62189.64,267000,3708.33,Skladište Slanje Paketa,17473198,204810.36,EKS-6
P S,1,2025-01-28,FS241212,Rep smedi ravni(RR-6),50,48122.93,222500,3708.33,Skladište Slanje Paketa,17473198,174377.07,RR-6
P S,1,2025-01-28,FS241212,Stari OPK-6(OPK-6stari),20,22210.58,89000,3708.33,Skladište Slanje Paketa,17473198,66789.42,OPK-6stari
P S,1,2025-01-28,FS241212,Najtamnija smeda OPK(OPK-2),20,22210.58,89000,3708.33,Skladište Slanje Paketa,17473198,66789.42,OPK-2
P S,1,2025-01-28,FS241212,DR-4 - Dugi tamnosmedi(DR-4),30,35536.94,142500,3958.33,Skladište Slanje Paketa,17473198,106963.06,DR-4
P S,1,2025-01-28,FS241212,Ekstenzije platinum pl. ombre(EKS-PLO),15,15547.41,66750,3708.33,Skladište Slanje Paketa,17473198,51202.59,EKS-PLO
P S,1,2025-01-28,FS241212,EKS-10 - Ekstenzije svetlo smeda(EKS-10),20,20729.88,89000,3708.33,Skladište Slanje Paketa,17473198,68270.12,EKS-10
P S,1,2025-01-28,FS241212,Svetlo plavi kratki opk(KRO-613	),20,20729.88,79800,3325.0,Skladište Slanje Paketa,17473198,59070.119999999995,Svetlo plavi kratki opk(KRO-613	)
P S,1,2025-01-28,FS241212,Tamno plavi kratki opk(KRO-k16	),30,31094.82,119700,3325.0,Skladište Slanje Paketa,17473198,88605.18,Tamno plavi kratki opk(KRO-k16	)
P S,1,2025-01-28,FS241212,Smedi kratki opk(KRO-6	),20,20729.88,79800,3325.0,Skladište Slanje Paketa,17473198,59070.119999999995,Smedi kratki opk(KRO-6	)
P S,1,2025-01-28,FS241212,Najtamniji smedi kratki opk(KRO-2	),20,20729.88,79800,3325.0,Skladište Slanje Paketa,17473198,59070.119999999995,Najtamniji smedi kratki opk(KRO-2	)
P S,1,2025-01-28,FS241212,Tamno smedi kratki opk(KRO-4	),20,20729.88,79800,3325.0,Skladište Slanje Paketa,17473198,59070.119999999995,Tamno smedi kratki opk(KRO-4	)
P S,1,2025-01-28,FS241212,Crni kratki opk(KRO-1B	),20,20729.88,79800,3325.0,Skladište Slanje Paketa,17473198,59070.119999999995,Crni kratki opk(KRO-1B	)
P S,1,2025-01-28,FS241212,Smede plavi kratki(KRR-SMPLV	),10,8884.23,39900,3325.0,Skladište Slanje Paketa,17473198,31015.77,Smede plavi kratki(KRR-SMPLV	)
P S,1,2025-01-28,FS241212,Tamno plavi kratki(KRR-k16	),15,13326.35,59850,3325.0,Skladište Slanje Paketa,17473198,46523.65,Tamno plavi kratki(KRR-k16	)
P S,1,2025-01-28,FS241212,Mahagoni kratki(KRR-MHG	),10,8884.23,39900,3325.0,Skladište Slanje Paketa,17473198,31015.77,Mahagoni kratki(KRR-MHG	)
P S,1,2025-01-28,FS241212,Smedi ombre kratki(KRR-SMO	),10,8884.23,39900,3325.0,Skladište Slanje Paketa,17473198,31015.77,Smedi ombre kratki(KRR-SMO	)
P S,1,2025-01-28,FS241212,Najtamnija smeda kratki(KRR-2	),15,13326.35,59850,3325.0,Skladište Slanje Paketa,17473198,46523.65,Najtamnija smeda kratki(KRR-2	)
P S,1,2025-01-28,FS241212,Tamno smeda kratki(KRR-4	),15,13326.35,59850,3325.0,Skladište Slanje Paketa,17473198,46523.65,Tamno smeda kratki(KRR-4	)
P S,1,2025-01-28,FS241212,Najtamnija smeda(RR-2	),30,28873.76,133500,3708.33,Skladište Slanje Paketa,17473198,104626.24,Najtamnija smeda(RR-2	)
P S,1,2025-01-28,FS241212,Crni kratki rep(KRR-1B	),10,8884.23,39900,3325.0,Skladište Slanje Paketa,17473198,31015.77,Crni kratki rep(KRR-1B	)
P S,1,2025-01-28,FS241212,Najtamnija smeda afro(AF-2	),20,22210.58,89000,3708.33,Skladište Slanje Paketa,17473198,66789.42,Najtamnija smeda afro(AF-2	)
P S,1,2025-01-28,FS241212,Karamel ravni(RR-KAR	),10,9624.59,44500,3708.33,Skladište Slanje Paketa,17473198,34875.41,Karamel ravni(RR-KAR	)
P S,1,2025-01-28,FS241212,Srednje plavi(RR-SRP	),40,38498.35,178000,3708.33,Skladište Slanje Paketa,17473198,139501.65,Srednje plavi(RR-SRP	)
P S,1,2025-01-28,FS241212,Smede plavi kratki opk(KRO-SMPLV	),20,20729.88,79800,3325.0,Skladište Slanje Paketa,17473198,59070.119999999995,Smede plavi kratki opk(KRO-SMPLV	)
P S,1,2025-01-28,FS241212,Platinum ombre kratki opk(KRO-PP	),30,31094.82,119700,3325.0,Skladište Slanje Paketa,17473198,88605.18,Platinum ombre kratki opk(KRO-PP	)
P S,1,2025-01-28,FS241212,Mahagoni kratki opk(KRO-MHG	),10,10364.94,39900,3325.0,Skladište Slanje Paketa,17473198,29535.059999999998,Mahagoni kratki opk(KRO-MHG	)
P S,1,2025-01-28,FS241212,Smedi ombre kratki opk(KRO-SMO	),20,20729.88,79800,3325.0,Skladište Slanje Paketa,17473198,59070.119999999995,Smedi ombre kratki opk(KRO-SMO	)
P S,1,2025-01-28,FS241212,EKS-SRP - Ekstenzije srednje plava ravna(EKS-SRP),40,41459.76,178000,3708.33,Skladište Slanje Paketa,17473198,136540.24,EKS-SRP
P S,1,2025-01-28,FS241212,Ekstenzije smede plava ravna(EKS-SMPLV	),15,15547.41,66750,3708.33,Skladište Slanje Paketa,17473198,51202.59,Ekstenzije smede plava ravna(EKS-SMPLV	)
P S,1,2025-01-28,FS241212,AF-613/K16(AF-613/K16),20,22210.58,89000,3708.33,Skladište Slanje Paketa,17473198,66789.42,AF-613/K16(AF-613/K16)
P S,1,2025-01-28,FS241212,Arijana svetlo plavi(AR-613),20,17768.47,79800,3325.0,Skladište Slanje Paketa,17473198,62031.53,AR-613
P S,1,2025-01-28,FS241212,RR-613/K16(RR-613/K16),20,19249.17,89000,3708.33,Skladište Slanje Paketa,17473198,69750.83,RR-613/K16(RR-613/K16)
P S,1,2025-01-28,FS241212,Ariana najtamnija smeda(AR-2),25,22210.58,99750,3325.0,Skladište Slanje Paketa,17473198,77539.42,AR-2
P S,1,2025-01-28,FS241212,Ariana platinum ombre(AR-PLO),25,22210.58,99750,3325.0,Skladište Slanje Paketa,17473198,77539.42,AR-PLO
P S,1,2025-01-28,FS241212,Ariana tamno smedi(AR-4),25,22210.58,99750,3325.0,Skladište Slanje Paketa,17473198,77539.42,AR-4
P S,1,2025-01-28,FS241212,Ariana tamno plavi(AR-K16),25,22210.58,99750,3325.0,Skladište Slanje Paketa,17473198,77539.42,AR-K16
